Medumba,French
i,son
ù,ton
ὰm,mon
άm,mon
a,il
a bwɔ̌,c'est bien
a bwɔ̌ ncʉα̂tə,c'est excellent
a bwɔ̌ tα,c'est très bien
a vʉ̀ lαg,c'est correct
bà,pion
bà,jeton
bǎ,rougir
be,payer
bě,verser un liquide dans un vase
bə,être
bi,couteau
bì,foie
bô,avec
bu,main
bʉ,saluer
bα,folie
bὰ,affolement
bà',maison
bə',igname
bə̀,notre
bià,avocat
bu',paquet
bα̌,tailler
be'e,croiser
bè'e,balayer
bə'ə,casser
bu'u,paquet
bə' nə̀sitə,igname cuit dans la sauce
bʉ̀'ngɔ̀,devise d'un pays
bə̂'nswə,octobre
bu' vʉ,jouer au tam-tam
bà'a,remettre
bà bə̀lòŋ,patate rouge
bə̀bǎ'mbàŋ,éclair
bǒ'bà'nì,variété de courge
bà'fʉ̀n,clé
biαgə,abolir
bu'kì,cahier
bu'kǐ cɔ̀fà',cahier de texte
bǎ’kwiαg,tousser
bɔ̀li,soutien-gorge
bù'libagbagə,margouillat
bə̀làm,cube maggi
bǒ'lɛn,courge
bə̀lòŋ,patate
bə̌mα,frère de différents dégrés
bʉ mɛn,annoncer une naissance
bʉ̂mɛn,cadeau
bù’mbαb,sorte de souris des champs
bu'mfə,rame de papier
bu'mfu,pharmacie
bu'mfʉm,paquet vide
bə̀nə,baisser
bɛ̀nə,rentrer
bɛ̌n ndα,retourner au foyer conjugal
bα̌nbαn,zéro
bu'ndə̀bà',paquet de cigarettes
bu'ndəb,paquet de coton
bə'ngòn,grosesse précoce
bu'ngwa,paquet de sel
bα̂nku'u,taro pilé
bǎ’nkuὰn,témoigner
bα̂nnjαb,couscous avec la purée de légumes
bɛ̌nnjàm,rentrer
bə̀ntə̌,courber
bɛ̀ntə̌,reculer
bʉ̀ntə̌,répondre
bò'ntʉ̀n,variété de courge
bù'nyὰm,hérisson
bu'nzwə,rouleau de tissu
bu'ŋwà'nì,livre
bǎ'tu,se purifier
be'tə,ajourner
bə'tə,casser
bə̌tα,frère de différents dégrés
bà’tə̌,rembourser
bè'tə̌,balayer
bə'tə̀wud,courbatures
bə̌tad,frère de différents dégrés
bǔ'wud,corpulence
bǎ’zwiὰg,s’immiscer dans les affaires d’autrui
biagə,éteindre
béb,attendre
bὰb,aile
bàbə,avoir une couleur de peau bien noire
bebə,attendre
bibi,dermatose
bubu,papaye
bαbə,chauffer
bὰbə,vociférer
bîbà',truelle
bəbelə,chenille
bəbunə,fétiche
bὰbkə̀soŋə,poëlle
bàblǒŋvə̀,carreau
bὰbncʉα,plantoir
bαbtə,chauffer légèrement
bὰbtə,s'étaler
bîcwɛd,plantoir
bàd,porter au dos
béd,éclater
bǎd cʉὰ,porter la hotte sur le dos
běd lα,interrompre
bǎd mɛn,porter l'enfant au dos
bàdnα,moité d'un sillon
bedni,douceur
bàdngùb,danse
bɛdsòg,avoir ses menstrues
bedtə,décoller
bɛdtə,demander
bàdtə̌,porter au dos
bɛdtə̀,question
befe,gendarme
bîfà',couteau de travail
bûfag,frère jumeau
bàg,partie
bαg,nous
bàgə,fendre
bαgə,être mauvais
bǎgbàg,zigzag
bǎgbwə,division de kola
bǎgcɛd,ardoise
bǎgfà',région synodale
bǎgka,assiette
bǎgncwɛn,morceau de bois
bǎgndα,côté de la chambre
bǎgngɔ̀,département
bǎgnka,plat
bǎgnsa,bronchite
bαgtə,gâter
bàgtə̌,expliquer
bαgwʉ̀,toi et moi
bαgyi,lui et moi
bǎgɲwà'nì,page
bûkì,écriture
bìkoŋə,constipation
bàlə,porter au dos
belə,décoller
bèlə,suivre
bələ,claquer
bɛlə,éclater
bilə,pousser
bʉlə,dénoncer
bàm,ventre
bum,œuf
bùm,omelette
būm,oeuf
bὰm,sac
bàmə,enfouir
bəmə,aviser
bumə,robinet
bumα,orange
bὰmə,quitter secrètement un endroit
bǎm nǔm vʉ,ressusciter
bùmαnyὰmdiaŋə,pamplemousse
bǎmkù,plante du pied
bùmmα̂ntsin,écureuil
bǎmmba,dysenterie bacillaire
bàmnə̀lò'o,diarrhée
bàmnə̀tαtə,colique
bαmna',panier
bâmntʉ,foie
bǎmnto,lignée matriarcale féminine
bemtə,protéger
bèmtə,éviter
bəmtə,aviser
bαmtə,faire attention à plusieurs choses
bàmtə̌,enfouir
bὰmtə̌,quitter discrètement un lieu
bámtogə,lignée matriarcale féminine
bin,vous
bìn,avantage
bun,sein
bʉn,mamelle
bαn,couscous
benə,ourler
bɛnə,chaume
bαnə,entasser en grande quantité à un même endroit
bὰnə,haïr
bôn ncʉὰmbwə̀ bô ntʉ̂'njàm,cousins
bônfag,jumeaux
bîngαnə,baïonnette
bàngwa,sorte de taro
bônkû'u,tubercule de taro
bànkun,haricot
bônngab,poussins
bαnsogcɛ̀n,couscous avec la sauce jaune
bentə,épingler
bûntsə,affluent
binyi,lui et toi
bônyì,jumeaux
bàŋə,être large
bàŋtə̀,parapluie
bùsi,chat
bâtɔ,meningite
bαtə,offrir un animal en holocauste aux reliques
bàtə̌,changer
bètə̌,aiguiser
bὰtə̌,tailler à répitétion
bətswənzə,prévenir
bάhα,deux
ba,détourner
ba' nzwə,tisser
ba' tu,se tresser
ba'a,tresser
ba'tu,tresser
babə,verser avec violence
badmbaŋə,mansarde
badtə̀,amadouement
bagə,avarier
bagni,être désagréablement plaisantain
bagtə,se courber
balə,coller
bamə,accepter
baŋə,repas de sacrifice
batə,embrocher
bíd,germer
bo,ils
bod,fatigue
bom fì,construire un mausolée
bon,enfants
bwə,accouchement
bwɔ̌,bon
bwə̀'ə,neuf
bwə̂'ə,hibou
bwɔ̌ ntʉ,avoir du coeur
bwə̂mbwogə,cendre
bwə̂ndòŋ,ciment
bwə̂ngə̀fələ,farine maïs
bwɔ̌ntʉ,bonté
bwə̀tə̌,mélanger
bwəngòn,primipare
bwòŋngù,albinos
bwòŋsaŋə,pigeon
bwòŋtα̂mbia’,colombe
bwog,peur
bwogtə̀kì,carbone
ce,terre
có,tiens
cô,tes
cɔ,faire l'amour
cu,creuser
cà',marasme
cò',crête
cɔ̀,conte
cʉὰ,hotte
cə̀',chapeau
cʉ̀'ma'a,friperie
cə̌’nkù,pantalon
cà'a,contrôler
cα̌bncù,injurier
cə̌dkù,souris
cɛ̂dkì,tableau
cɛ̂dncò,bouclier
cɛ̂dndα,rideau
cʉαg,sévérité
cα̂g,nos
cʉαgə,être sévère
cʉὰgə,devenir dur
cʉαgkɛd mɛ̀n,personne sévère
cʉαgntʉ,méchanceté
cʉ̀ju,envier
cô'kʉ̂dfi,corrector
cô'kʉ̂dnjum,gomme
cα̂m,mes
cə̌mntsə,robinet
cə̂n,ces
cô'ncù,dessert
cô'ncùtùn,inflamation des fesses
cô'ndù',décapsuleur
cô'ngu'u,trophée
cǔ'ntʉ,poumon
cuαntə,être court
cʉαntʉ,être méchant
cə̌ntsə,gouttière
cù'tə̀,trouble
cô'tʉnə,arrache-clou
cua'a,planter
cua'tə,rendre rugueux
côb,leurs
càbə,déguster
cubə,empiler
cùbə,augmenter
cóbə́,leurs
cûbɔnkə',varicelle
côb tu,réciter
cὰbncù,arrogance
côbtu,récitation
còbtə̌,colorier
cὰbtə̀,affront
cὰbtə̌,blasphémer
cəbtswə',mal gastrique
càcà,grippe
ced,propreté
cûdiaŋə,objets de parade
ced miαg,examiner distinctement
cʉgə,être sévèvre
càgtə̌,diriger
cōm,prune
cǎm kù,avorter
cαm ngwagə,condoléances
cαmnjə̀',chimpanzé
cən,idiot
cəndîn,ceux-là
cənnî,ceux-ci
cənnα,ceux-là
càntsə,bouillon
càŋ,canari
cǎŋntsə,canari
cɔtə,faire l'amour
côtǔntə,calebasse
cûzi',leçons
cάgə́,nôtres
cάm,miens
ca'a,terre
ca'tɔ̀ngɔ̀,physiocratie
cagə,estomac
caŋ,nourriture
cavə̀,tôle
co,histoire
co' kə̀càd,sauter
co' tǔn mɛ̌n nsi,soulever le premier pieds d'un cadavre
co'kʉlə,gomme
co'ngu'u,auréole
co'o,ouvrir
co'tə,arracher
co vʉ,faire la ronde
cobə,parler
cobtə,gronder
conjà,être circoncis
coŋə,enterrer
cwè,foyer
cwɛ̂dtùn,fesse
cwɛd,champ
dá,bidon
dɔ,sifflet
du',cuillère
dʉ',lieu
dʉ̌' nkʉ̀n,lieu de communication
dʉ̌'bà',lot
dʉ̌'beb,lieu d'attente
dʉ̌'bed,salle d'attente
dʉ̌'ba,garage pour vélo
dʉ̌'ba',atelier de tissage
dʉ̌'bwə,maternité
dʉ̌'càm,secrétariat
dʉ̌'ca,lieu où se trouve la prison
dʉ̌'coŋ,cimetière
dʉ̌'diaŋ,lieu de spectacle
dʉ̌'fà,lieu de l'accident
dʉ̌'fu,pharmacie
dʉ̌'fà',atelier
dʉ̌'fe',péage
dʉ̌'foŋə,maison de la radio
dʉ̌'ghòn,hôpital
dʉ̌'jʉα,lieu de fête
dʉ̌'kà',lieu de rendez-vous
dʉ̌'mfi,cimetière
dʉ̌'ncò,front de combat
dʉ̌'ncùb,perception
dʉ̌'nkαb,finances
dʉ̌'ntsə,domicile
dʉ̌'ntswə,demeure
dʉ̌'ŋwà'nì,école
dû' sogə,louche
dʉ̌'tûmfi,cimetière
dʉ̌'zi,dortoir
du'bαn,louche
dʉ̀mə,être sucré
dʉ̀mtə̀,sucre
dʉ̌ncù,moustache
dû'ndʉb,louche
du'nya',cuillère
diàŋkâdntsə,lac
diàŋmbûmə,cercle
diǎŋtôgndα,diarrhée chronique
dû'sòb,fourchette
dʉ'tə,frotter
diaŋ,chaise
diaŋjʉ,scène gastronomique
diaŋmà,scène de tir
diaŋnu,compétition de buveurs
diaŋnù,cercle d'études
diaŋncobe,conférence
diaŋndə,compétion de course
diaŋnkʉ̀n,émission radio
diaŋntò,compétition de boxe
diaŋntαnə,foire
diaŋnyα,théatre tragique
diaŋsa,théatre
diaŋtsi'i,festival
diaŋzwə,théatre tragique
diaŋzwì,comédie
diaŋzwə̀',compétition de lutte
dàb,frapper
dibὰ,liberté
dìbὰ ndα̂ŋwà'nì,université
dìbὰntαnə,foire
dʉbtɔ̀ngɔ̀,gérontocratie
dùm,saison sèche
dùmtə̌,rechauffer
dîn,là
djidjim,jujube
dú,dire
dún,miracle
fà,accident
fè,brindille
fə,cadavre
fi,humide
fì,tombeau
fu,feuille
fα,donner
fà',travail
fə̀,feuille
fə̌,sauter
fù',bonheur
fə̀',dépendance d'une maison
fə̌ bu'kì,feuille de cahier
fə̌'bwoŋə,guirlande
fʉα̌g ncù,être ouvert
fə̌ juntə̀,facture
fə̌'mbwogə,cuisine
fə̌'ncwɛn,magasin de bois
fə̌'ndù',magasin de boisson
fə̌ ndɛ̂n fu,prescription médicale
fə̌'ntsə,salle de bain
fə̌ ŋwà'nì,feuille de papier
fə̌ soŋtə̀,papier publicitaire
fə̌'vʉ,magasin du deuil
fα bu,être possible
fǎ'bà',maçonnerie
fə̌bʉ̀',carte de visite
fə̌bʉ̂nkαb,chèque
fə̌bwogtə̀,stencil
fə̌bwogtə̀kì,papier carbone
fə̌cɔ̀mɛ̀n,fiche de renseignements
fə̌co'ngu'u,diplôme
fɛ̂d caŋ,courvercle
fɛ̂d nə̀nὰ,tas d'ordures
fə̀dmbàŋ,vent
fə̀dtə̌,souffler
fɛ̀dtə̌,verser
fǎ'fe',service d'impôts
fə̌fà',attestation de travail
fə̌fe',timbre
fə̌fê' tʉsɔ,timbre communal
fə̌fê'ncùb,timbre fiscal
fə̌fê'nkʉ̀n,timbre communal
fə̌ghun,invitation
fə̌jun,facture
fə̌kə̂bntʉ,permis d'exploitation forestière
fə̌kə̀fà',certificat de non profession
fə̌kα̌nfà',contrat de travail
fə̌kə̀njo,certificat de non redevance
fə̌kud,permis de bâtir
fə̌kwì,certificat de célibat
fə̌kwênkαb,chèque
fə̌kwênta,attestation
fə̌kwêntsə,certificat de baptême
fǎ'le'e,travail journalier
fə̌lò'fà',certificat de prise de service
fə̌lὰb,lettre de féllicitation
fα lὰbtə̌,remercier
fə̌lon,billet de demande d'aide
fə̌mà'ngua'a,attestation d'assurance
fə̀mnì,idiotie
fɛ̀n,forêt
fǎ'nὰ,agriculture
fɛ̀nə,devenir réfractaire
fǎ'ncùb,service d'impôts
fʉ̀ndɑ,cadenas
fα ndà,punir
fə̌ndà',tableau d'honneur
fα ndə̀'tə̀,remercier
fə̌ndɛn,liste
fə̌njo,bon
fə̌nkà'nì,bon d'engagement
fə̌nkʉnə,remarque écrite
fə̀nkàŋ,arbre de paix
fə̌nkwàtə̀,impression écrite
fʉ̀nndα,serrure
fɛ̌nntʉ,courage
fə̂nsi,sorte de fourmi noire
fə̌nswɛ̀d,brouillon
fə̌ntɔ̀ngɔ̀,monarchie
fə̌ntɔ̀ngɔ̀ bô nsi,monarchie de droit divin
fə̌ntɔ̀ngɔ̀ bô tǔnncʉ̀',monarchie constitutionnelle
fə̌ntâ'yòŋ,permis de chasse
fɛ̊ntùn,malpropre
fiàŋmα̂mbὰ,musaraigne
fə̌sòŋ,permis de conduire
fα tu,surgir
fə̌tɔ̀,bulletin de vote
fʉ̀tə̀,tromperie
fə̌tsiaŋ,billet de convocation
fə̌yǒgfà',curriculum vitae
fə̌yǒgmɛ̀n,curriculum vitae
fə̌yòŋ,permis de chasse
fiaŋmα̂mbà,mulot
fèd,photocopie
fɛd,tas
fid,arrogance
fɛd nkəlɔ,sorte de rite après un enterrement
fɛd nsɔ,souffrir
fědmɛ̀n,arriviste
fǒdmbwə,bouc
fɔg,être blanc
fǎgsɔ,édenté
fâgshuà',ciseau
fôgtu,vieillard
fìk,mesurer
fαk,travailler
fèkə̀lɔ̀,emondoir
fɛlə,manger
fαm,moisir
fǐmiαg,fermer les yeux
fǎmbàŋ,foudre
fìmkunə,couvre-lit
fən,aubaine
fɛnə,arctocèbe
fʉnə,tibia
fûnə̀nὰ,rateau
fìncù,renard
fʉnkù,jambe
fɛntə̀,endurcissement
fàntâ'tʉ,croix
fitə̀,paix
fa,accident
fa'tə̀,agitation
famə,suffoquer
faŋə,abandonner
fíd,serrer
fogfôgntsə,chute d'eau
fognkʉα,coépouses
fogtab,blanc
fomə,huit
gà,ficeler
ghu,faire ramollir
ghù,dot
ghə',joue
ghʉ̌,avoir
ghə̀',joue
ghu'u,être gros
ghʉ̌ sa,jouer
ghə̀'tə̀,convoitise
ghà'jʉα,festival
ghə̀lə,guillemet
ghα̌mndα,pente du toit
ghò'o,écraser
ghua'a,épilepsie
ghub,entêtement
ghəbʉ̀,récipient
ghǔblαg,paupière
ghǎbndα,battant de la porte
ghὰbtə̌,partager
ghâgha,voyou
ghǎkɑ̀m,masque
ghǎmɛ̀n,revenant
ghòmtə̀,manie
ghumtə̀,detourner
ghαnə,prostitution
ghun vʉ,appeler au secours
ghǒnmbʉ,convulsion
ghǒnmbwɔ̀,siphilis
ghǒnsaŋə,convulsion
ghàntsi,panier
ghâtswə’,de bonne heure
gha,refuser
gha'cie,éternuement
gham,dix
ghammαtad,épervier
ghamtə̀,adoration
gɔl,or
í,son
ju,chose
jʉα,fête
ju'u,comprendre
ju' ncù,obéir
ju' ntǔn nù,comprendre
ju'nù,entendre
ju'nkî,dictée
jùbə,peler
jûdiaŋ,objet de luxe
jûdiaŋə,objets de parade
jûfà’,outil
jûfin,sucette
jûju,un rien du tout
jûjʉ,nourriture
jʉkə̀ywɛd,gloutonnerie
jûkəb,scie
jûkαm,croquette
jûkαmtə̀,croquette
jûlɛ̀n,pion
jûlàŋtə̀,ce qui peut tenter
jumə,maigrir
junə,acheter
jûnɔ,objet volé
jûnu,boisson
jûncò,arme
jûncʉαg,arme
jûncobə,mot
jûngʉα,objet de luxe
jûnkαb,bien matériel
juntə,acheter
jûntαnə,marchandise
jûsi,ciseau
jûsa,jouet
jûtʉntə̀,nombre
jûtam,cible
jûtsi',héritage
jûvə̀,objet d'art
jûyὰusa,diphtérie
jûzi',leçon
kà,magie
kǎ,choisir
kə,quoi
kǐ,rayer
kɔ,lance
kù,pied
kʉ,brûler
kà',nord
kò',tabouret
kɔ̌,aimer
kuá,disette
kuὰ,quatre
kə'ə,blesser
kù'u,suffisant
kû'u,taro
kə̀'ə,boiter
kuα̌ ncò,déclarer la guerre
kə̂'bu,vaccination
kə' bə̀làm,cube arômatique
kə̂'kunə,oreillée
kʉα̌mɛ̀n,personne grossière
kʉ̀’ngà,sauterelle
kʉ̌'ngab,coq
kə̀'tə̀,tamis
kə̀'tə̀ ngànjèlè,tamis
kə̀bù',mortier
kə̀bǎdnjαb,cadet
kû'bαn,taro
kə̂bnka,règle
kə̀cò',matungulu
kə̀cà'nkαnə,singe sentinelle
kα̌ced,règles d'hygiène
kə́ca'a,brique
kə̀caŋbi,couteau
kə̀cob,muet
kə̌d mɛ̀nnzwi,épouser sans doter
kə̌d nka,enlever le couvert
kʉ̂dfi,bic
kə̀fɛ̂dmbʉ,samara
kiàg,défaire
kə̀kì,signe
kû'kà,macabo
kə̀kʉα,koki
kə̀kə̌’mα̂wə,mante réligieuse
kə̀kʉα nə̀katə,koki avec le dolic frit
kə̀kʉαnə̀tònə,koki cuit sous la cendre
kə̀kǔbncù,lèvre
kə̀kîmbwogə,charbon
kə̀kag,aisselle
kə̀kalə,paralytique
kə̀lɔ̀,plantain
kə̀lɔ̀nə̀nù'u,banane à sauce d'huile
kə̀lɔ̀nə̀sitə,plantain cuit dans la sauce
kə̀lɔ̀nəghuα,babnane rôtie avec sauce et d'huile
kə̀lɔ̀ntʉ̀n,banane plantain
kə̀m,gong
kǎ mɛ̀nnzwi,se fiancer
kʉ’mənkaŋ,cameléon
kuαmbwogə,briquet
kǎ'mvɛ̀n,colonne vertébrale
kə̀nà,arachide
kə̀nu,pirogue
kə̀nὰfì,arachide des fossoyeurs
kα̌ncaŋ,régime alimentaire
kʉ̌ndə,courir
kǐ ndɛn,inscrire
kɔ̂ngà,savane
kʉ̂njum,crayon
kɔ̂nkù,décrottoir
kα̌nncobə,grammaire
kɔ̂ntʉ,coeur
kʉ̂ntʉ,désir
kə̀shʉ',hoquet
kǐ səvə̀,dessiner
kə̀soŋə,corbeille
kà'tə̀,orgeuil
kə̀tu'u,soldat
kə̀zətα,enfant né après la mort de son père
kua'a,pleurer
kɑb,téléphone
kəb,couper
kìb,taupe
kòb,ceinture
kὰb,barrière
kəbə,couper
kàbùn,écureuil
kəb nka,tracer une ligne
kəbtə,abréger
kὰbtə̀,mensonge
kebwo,mal
kùcwa,éponge de douche
ked,arc
kəd,penis
kədɔ,plantain
kǐdnsa,côte
kâdtʉ,prostituée
kudtə̀,veste
kʉdtɔ̀ngɔ̀,bureaucratie
kàg,panier
kɑgə,être petit de corps
kǎg ndù',casier de boisson
kǒglαg,abcès de l'oeil
kὰgnì,étourderie
kὰgnǐ,être sot
kògnkwe,pian
kàgtʉ̀n,effort
kɔkuα,libellule
kəkαbə,champignon
kəko'o,plaie
kəkwɛnə,âne
kulə,attacher
kʉlə,bâton
kʉlə,bic
kʉlə,crayon
kʉlə,stylographe
kìlɛn,droit d'inscription
kàm,chapitre
kém,nourrir
kum,association
kʉmə,balayer
kǎmαnyàm,ciel
kǔmbu',orchestre
kǎmcwɛn,bûche
kǔmfà',syndicat
kǔmfù',comité de développement
kǔmkwì,chorale
kǔmmbàŋ,imperméable
kàmndʉ̀',siege en bois
kǎmngɔ̀,province
kǔmngɔ̀,partie politique
kǔmngɔ̌ngɔ̌,organisation des nations unies
kàmnkò',siège en bois
kǔmnsa'ngɔ̀,partie politique
kǔmntαnə,syndicat du commerce
kǎmnzwə̂ fogtab,drap mortuaire
kǎmŋwà'nì,piece d'un dossier
kǔmŋwà'nì,coopérative scolaire
kǎmŋwà'nì ghun,invitation
kǔmsa,troupe théatrale
kǔmtâmcɛd,équipe de ping-pong
kǔmtâmmbu,équipe de handball
kǔmtâmnkù,équipe de football
kǔmtâmntsì,équipe de basketball
kǔmta,equipe
kòmzwì,humour
kὰn,loi
kunì,hardiesse
kânə̀nɑ̀,poubelle
kâncɛd,soupière
kǔncobə,phrase
kǎndα,grenier
kôndɛ̀n,misécorde
kǒnjʉ̀,bélier
kunndα,lit
kǎŋ kù,accoucher
kòŋbàm,diarrhée
kòŋkum,conseil national
kǎŋndə̀bà',pipe
kòŋnzə̀,route
kʉŋwà'nì,plume
kâsə,masque
kâsa,cd-rom
kâtu,crâne
kitə̌,écrire
ka,assiete
kab,calebasse
kad,objet circulaire
kalə,enrouler
kamtɔ̀ngɔ̀,gouvernement par les notables
kaŋ,bord
kaŋsə,front
kaŋtu,tempe
kaŋtʉ,branche
ko'tə̀wud,orgueil
kod,wc
kog,canne
komə,peler
kom tu,se raser
koŋ,coffre
kwì,chant
kwʉ,mourir
kwe'tə,activer le feu
kwiag,toux
kwiagnzwì,tuberculose
kwǐbʉ̀',hymne
kwîblɛn,pronom
kwîblɛn mɛn,pronom personnel
kwîbtu,remplaçant
kwǐcù',cancer
kwələ,semence d'igname
kwemɛn,accoucher
kwemtə,racler
kwimtə,retenir
kwànkî,rédaction
kwêntsə,baptême
kwǐnyὰm,antilope
kwʉtə,mourir
kwàtə̌,penser
kwa,bracelet
lə,garnir
lî,ci
lɔ,paresse
lα,là
le',jour
lò',défaut
lǒ' tu,exhumer le crâne
le'bαhα,maladie
le'bwə,anniversaire
luàd,grenouille
lə̂diaŋ,coussin
le'dìbὰ,anniversaire de l'indépendance
lə̂dbαn,mortier
lə̂djujʉ,mangeoire
lə̂dntsə,verre à boire
lə̂dntsə̌nyὰm,auge
le'fà',jour de travail
le'fitə̀,dimanche
lα̂gnyàm,soleil
lα̂gtùn,anus
lə̂kò',coussin
le'kud,anniversaire de l'indépendance
lə̂kunə,matelas
lǒ kunə,se lever du lit
le'mbilə,jour mémorable
lɛ̀nə,savoir
lα̌n vʉ,pleurer
le'nju,jour
lɛ̌nmɛn,sexe de l'enfant
lâ'ntu,foyer polygamique
lɔ̂ntsəlαg,morveux
le'nzə̀,jour férié
lə̌ŋwà'nì,attache-lettres
le'sɛn,prochainement
lɔ̀tɔ,gorge
le'vʉ,jour du deuil
láb,ramollir
léb,être en gestation
lób,embaumer
lubὰ,lance-pierre
lǎb wud,s'inquiéter
lὰbtə̌,remercier
ləd,gobelet
lòd,canard
lǎdmbwɔ̀,sorte de petit serpent
lǎdnta,prétexte
lαg,oeil
làgtə̀,pardon
lαgtʉntə̀,chiffre
làkunndα,sous le lit
lələ,verre
ləm,langue
ləmə,blesser
lαmαsì,citron
lêmnə̀bwətə,mal de la langue
lâmtu,foulard
làmtə̂la,aromate
làmtə̂mvɛd,aromate
làmtəncobə,élocution
lɛn,nom
lαnə,être propre
lὰnə,pleurer
lὰnghə'ə,jalousie
lὰnju,égoisme
lὰnmɛ̀n,jalousie
lὰnnyα,pleureur
lαntə,rincer
làntsə̀bà',barque
lòŋ,pierre
lǒŋbɑn,moulin
lǒŋbαn,moulin à maïs
lǒŋbwogtə̀,duplicateur
lǒŋfèd,photocopieuse
lǒŋkì,machine à écrire
lǒŋlə̀,agrafeuse
lǒŋsàŋ,fer à repasser
lǒŋsogə,pierre à écraser
làŋtə̀,examen
lǒŋta,calculatrice
lɔtə,examiner
la,pine
laglagtun,oxyures
lamtə̀,détour
laŋnzə̀,kilomètre
lo,se lever
lo nza,quitter
loŋlà,mégalithe
loŋvʉ,porter le deuil
mə,moi
mî,ses
mī,que
mù,veillée
mû,tes
mα,mère
mα,madame
mǎ' nə̀tɛ̀d,parenthèse
mα̂ nândα,marraine
mα̂ nkə̂bnjʉ,de bonne heure
mǎ' nzwə tʉ,exhiber l'habit traditionnel
mə bu'ki,carnet
mə̀bwɔ,bien
mə̀cò',cynocéphale
mα̂dù',pouce
mα̂fə,femme albinos
miαg,yeux
mα̂g,nos
miαgnkuὰ,enfant mystérieux
mα̂kum,congrès
mα̂kwa,cachet
mα̂la',première femme
mα̂m,mes
mà'mbʉlə',brodequin
mà’mbʉlə’,brodequin
mα̂mbαnə,furoncle
mα̂mfə̀n,reine mère
mα̂mfi'ngɔ̀,femme patriarche
mə̂n,ces
mɛ̀n,quelqu'un
mà'ncò,guerrier
mɛ̂ncə,enfant de la terre
mα̂ncwɛn,bois
mα̂ndu,belle-mère
mα̂ndα,présidente d'une association
mɛ̂nfi,nouveau-né
mɛ̀nfən,chanceux
mɛ̂nghαnə,enfant batard
mα̂ngəngo,mille-pattes
mɛ̀nmα,frère utérin
mɛ̂nngòn,jeune fille
mɛ̂nngab,poussin
mɛ̂nnjʉ̀mbwə,agneau
mɛ̂nnkò',guéridon
mɛ̂nnshùm,jeune homme
mɛ̀nntʉ̀n,homme
mɛ̀nntʉ̀n,humain
mɛ̂nntsə,affluent
mɛ̀nnzwi,femme
mɛ̀ntα,sœur consanguine
mα̂ntu',coupe
mα̂ntəd,capital initial
mα̂ntsə'tə̀,présidente d'une association
mα̂nyì,mère des jumaux
mα̂nyǐ bʉ̀dncὰb,mère de trois jumeaux ou plus
mə̀nyàngà,crevette
mà'tə̀,cotisation
mα zə̀ ndʉb,grand-mère
miag ŋwa'ni,alphabet
mûb,leurs
mîbə̀,nôtres
məba,rouge
məbaŋə,petit canari
mαbwə,nouvelle accouchée
mαbwə̂ngùb,première femme du chef
mebwo,bien
màd,comportement
mîd,quels
mαdu,sœur
mαdùdù,perce-bois
məfə,albinos
məfamə,tam-tam
mαkʉαkoŋ,guêpe
məkalə,petit-fils
mαkwi',belle-mère
mîlə,lesquels
mαla,corbeau
mum ncu,se taire
mìmbum,serpent aimant se nourrir d’œufs de poules
mαmbwə,femme qui vient d'accoucher
mαmfə̀n,reine mère
mɛn,enfant
mîn,vos
mənə,demain
mɛn mɛ̀nnzwi,sexe féminin
mɛn mαndùm,sexe masculin
mαndα,adultère
mαndùm,homme
məndîn,ceux-là
mαngʉ̂dnzə',patriarche
mînkʉ,sœur des jumeaux
mənnî,ceux-ci
mənnα,ceux-là
mɛnntsə,orphelin
mαnsîndα,au fond de la cuisine
mìntsi,angine
mαntsə,belle-mère
mαnyoŋə,ascaris
mɛnzwi,femme
mαŋwʉ,lune
mesan,oiseau
mɑtɑ̀,natte
mətù',crapaud
mαtswə’,de bonne heure
mαyôŋkwa,sorte de parasite intestinal
mάgə́,nôtres
mάm,miens
ma,mère
mabouh,richesse
madu,pouce
mandum,homme
maŋ,force
maŋmaŋə,salamandre
maŋtə̀,concours
mbì,foie
mbu,bras
mbʉ,chien
mbα,étui
mbà',puissance
mbè',asticot
mbə',devant
mbiâ’a,fourmis magnans
mbα̂bndun,rat
mbα̌bngòn,poisson
mbù’cu,armoire
mbu'kì,cahiers
mbǎ'kum,bouton
mbà'kamə,avocat
mbù'le'e,agenda
mbǒ'lɛn,courges
mbʉ̀m,poitrine
mbə̂mcɛd,craie
mbù'mfə,cerceuil
mbɛ̀n,saleté
mbù'ncobə,dictionnaire
mbà'nkuαn,témoin
mbǎ'ntoŋ,boucles d'oreilles
mbu'ntoŋ,sourd
mbə̌nyàm,après-midi
mbα̂nywi,fourreau
mbǎ'nzwə,bouton
mbὰb,viande
mbâbu,poignet
mbὰbfə,silure
mbêbmbwə,berger
mbαbwud,chair
mbàdkamə,ainé des jumaux
mbâdndα,gond
mbâkù,cheville
mbǎkû'u,tubercule de taro
mbàkə̀lɔ̀,fille à fiancer
mbūm,oeufs
mbʉm,cauris
mbǎmə̀kalə,noix de coco
mbàmɛ̀n,fœtus
mbʉm ŋâmnkʉ mbαhα,somme donnée pour les fiançailles
mbumndù',soulard
mbùmtə̀,assemblée
mbun,lait
mbʉn,mamelles
mbαnə,gale
mbǎnkʉα,fruit du raphia
mbànkəlàd,mille-pattes
mbɛnmbɛnə,cancrelat
mbǎnsaŋə,colibris
mbunte,ŕeponse
mbânyu,sorte de serpent
mbînyàm,ouest
mbàŋ,à côté
mbàŋlôkʉ',boiteux
mbὰtὰn,sorte de criquet périodique
mbǎzwə',reins
mba,puissance
mbabə,poussière
mbantsi,rose
mbaŋndɑ,mur
mbaŋndα,mur
mbap,poussière
mbomə,gâteau avec les arachides
mboŋə,jaune
mbwə,chèvre
mbwə̀,devant
mbwɔ̀,beauté
mbwôŋkà,poutre
mbwôŋntàd,poutre
mbwòŋtùn,anus
mbwogə,feu
mbwogcʉ,journée
mbwogngà,janvier
mbwognga,janvier
mbwogtswə',maladie qui ronge la peau
mfɔ,vache
mfʉ,astuce
mfà',travailleur
mfì',exemple
mfiα̌mfiα̌ mɛ̀n,personne malpropre
mfə̀'nkʉlə,trousse
mfə̌'tùn,pli fessier
mfə̌dnjʉ,soir
mfi'fu,dose
mfʉαg,froid
mfê'kù,espace entre deux orteils
mfʉ̌miαg,aveugle
mfà'mɛn,enfant adoptif
mfi'mbù',mesure de cerceuil
mfi'mfʉαg,thermomètre
mfə̀n,roi
mfə̀n,chef
mfα̌nnù,faute
mfɛ̌nntα̂nndʉb,vendredi
mfɛ̌nntα̂nnkə'ə,mardi
mfɛd,frère
mfɛd,sœur
mfôgnjʉ,matin
mfàgtə̀nzə̀,carrefour
mfɛlə,fratrie
mfʉm,hypocrisie
mfɛn,chef
mfunì,ressemblance
mfǒŋmbɛd,bousier
mfǎŋntsəlαg,narine
mfaŋə,plaie
mfogə,coépouse
mfom,burin
mí,siens
mínə́,vôtres
mú,tiens
múbə́,leurs
mvə̀',porte-monnaie
mvɛ̀d,corde
mvɛ̀n,dos
mvɛ̀nbu,revers de la main
mvɛd,huile
mvaŋə,blessure
nà,traitise
nî,ci
nu,boire
nù,problème
nα,là
nὰ,champ
nà',boeuf
nə̀,préfixe de l'infinitif
nə̀ cα̌bncù,injurier
nɔ̌ kunə,se coucher
nɔ̌ tu,faire des sacrifices
nə̀bǎ,teint bronzé
nə̀bə'ə,fracture
nə'bu'u,gâteau de pistache
nə̀bɛ̀nntamə,rechute
nə̀bebə,attente
nə̀bedni,douceur
nə̀câŋncə̀’,ver de terre
nə̀dum,chaud
nə̀junə,achat
nə̀kwesə,soulagement
nə̀lὰ,toile d'araignée
nə̀lɛ̌nnù,intelligence
nə̀lαnbà,teint clair
nə̀lòŋ,mal de l'aine
nə̀laŋhaŋe,rancune
nə̀mulə,enflure
nə̀nὰ,herbe
nɛ̌n ghù,abandonner le foyer
nə na kàg,punition très lourde
nə̀ndʉ̀,bave
nə̀ndiàŋ,bas-ventre
nə̀sə̀tə̌,entorse
nə̀siaŋe,lecture
nə̀sɛnə,teint noir
nə̀sɛnnzidtə,noir ciré
nə̀samə,hanneton des chaumes
nə̀tà',claie
nə̀tòb,boue
nə̀tǎg,difficile
nə̀tǎtu,entêtement
nə̀tsǐ’mα̂nja,sorte de petit grillon
nə̀tsìn,urine
nə̀yαbə,addition
nə̀ywɛ̀nə,vieillesse
nə̀zîla,huile sale
nə̀zənù,inelligence
nàb,arranger
nὰb,arrangeur
nâbαn,épouse
nὰbfu,pharmacien
nəcemə,sorte de plante à tubercule
nəca'a,castagnette
necaŋ,ombre
nùkô'ntʉ,engagé
nələmə,chauve-souris
nùm,sur
nùmfì,tombeau
numkə,pourquoi
nummbə,parce que
nǔnə̀tɔ̌ngɔ̀,politique
nənαfi,vert
nenen,vérité
nenune,vérité
nândα,mariage
nûndù',buveur
nǔngɔ̀,politque
nûntu',acte de mariage coutumier
nαntə̀,empressement
nəsɛ̂nmbwogə,tison
nəsɛn,noir
nətə' sogə,calebasse
nətu'kù,genou
nətαtùn,sorte de fourmis noires
neta,force
nəto,statue
na,préparer
nambɛnndα,qui n'est stable dans le mariage
ncà,affaire
ncò,guerre
ncu,bouche
ncù,bouche
ncʉ',un
ncʉ̀',arrêté
ncʉ̀' ngɔ̀,loi
ncʉ̀' nsi,commandement de dieu
ncʉα̌gncʉα̌g mɛ̀nnzwi,femme pouvant encore accoucher
ncʉα̌gncʉα̌g ngòn,fille vierge
ncʉ̀'kum,règlement interieur
ncuǎ’nkə̀mbə̀’,zone du dos  située sur les omoplates
ncuα̌tùn,sorte d’oiseau à longue plumes à la queue
ncô'cu,août
ncǒ diaŋ,course au pouvoir
ncɛ̀dmbʉ,puce du chien
ncɛ̀dna’,tique
ncɛ̀dngab,puce de volaille
ncɛ̀dngwa,puce
ncɛ̀dnzwə,pou d’habit
ncɛ̀dtu,pou de tête
ncô'fà',rétribution
ncʉ̀ju,envieux
ncǎ'miαg,conjonctivite
ncʉὰmbwə̀,aîné
ncα̂mntʉ,gourmandise
ncɛ̀n,perle
ncʉâŋcwɛn,mari
ncua,point
ncùb,impôt
ncɛd,couvercle
ncǒfɛn,guérilla
ncùncò,armée
ncùncʉ',accord
ncùndα,cour
ncùndα̂ŋwà'nì,cour de ŕecréation
ncàŋnìnyα,chaudes larmes
ncùsə,front
ncùtùn,anus
ncaŋ,bouteille
ncobə,langue
ncúndɑ,extérieur
ncwɛ̂dntom,pierre du foyer
ncwɛ̂dtùn,fesses
ncwɛ̂nfi,bois vert
ncwɛ̂nnjum,bois sec
ncwɛd,chefferie
ncwen,bois
ncwɛn,bois
ndɔ,corne
ndu,mari
ndʉ,frontière
ndα,maison
ndà',cadeau
ndʉ',force
ndʉ̀,bave
ndɔ̀ ndə̀bà',cigarette
ndɔ̂ vʉ,fil de personne au deuil
ndα̂bʉ,salle d'annonce
ndə̀bà',tabac
ndα̂bə̀fə̀,gendarmerie
ndα̂beb,salle d'attente
ndα̂bwə,salle d'accouchement
ndα̂càm,secrétariat
ndα̂ca,prison
ndα̂diaŋyən,salle de cinéma
ndʉ̌dùm,saison sèche
ndα̂fì',salle de pesée
ndα̂fôŋe,maison de la radio
ndα̂ghʉ̀n,auberge
ndα̂ghòn,salle d'hospitalisation
ndiàgncà,taquin
ndα̂kì,salle de dactylographie
ndα̂kəko'o,salle de pansement
ndè’koŋ,trésorier
ndα̂lὰm,usine
ndʉ̀m,vampire
ndα̂mbʉm,banque
ndα̂mbwogə,enfer
ndα̂mfu,salle de soins
ndα̂mfaŋe,salle pansement
ndα̂mvaŋə,salle de pansement
ndɛ̀n,pitié
ndα̂nə̀lɔtəngòkɛd,salle de consultation
ndα̂nùbαhα,salle d'urgence
ndα̂nǔnὰ,chambre d'agriculture
ndα̂n nkòg,avant-hier
ndα̂nǔntαnə,chambre de commerce
ndɛ̀nbα,psychiatre
ndɛ̀nbə̀n,anthropologue
ndɛ̂ncu,vocabulaire
ndα̂ncà,salle d'audience
ndα̂ncà ngɔ̌ngɔ̀,cour internationale de justice
ndɛ̀nca'a,géographe
ndα̂ndù',bar
ndɛ̀nghòn,médecin
ndɛ̀nghǒnnyὰm,vétérinaire
ndα̂nkʉ̀n,maison de la presse
ndα̂nkαb,banque
ndɛ̀nkʉlə,poète
ndɛ̀nkwì,musicien
ndɛ̀nmiαg,ophtalmologue
ndɛ̀nmàd,psychologue
ndɛ̀nmbwə,sage-femme
ndɛ̀nncʉα̂nə̀nὰ,herboriste
ndɛ̀nntsə'tə̀,sociologue
ndα̂nsi,église
ndα̂nsα,salle cabalistique
ndα̂ntʉ,poitrine
ndα̂nto,salle de piqûre
ndα̂ntoŋnkù,commissariat
ndα̂ŋwà’nì,salle de classe
ndʉ̌sαnə,saison des pluies
ndǔ'tûfì,boisson des fossoyeurs
ndǔ'vʉ,boisson du deuil
ndα̂vʉ,maison du deuil
ndiaŋ,bambou
ndəb,fil
ndùb mɛn,fils important
ndəbtu,fil à tresser
ndèdndèd,sorte de fourmi
ndâdnya',index
ndâdsogə,index
ndukà,fiancé
ndem,âme
ndαm,calomnie
ndumα,mari de la mère
ndùmndùm,mortier
ndǎmnjʉ,demain
ndâmvɛd,calebasse
ndencu,corps humain
ndûngòn,mari
ndǔnlὰm,marteau
ndâŋbu,avant-bras
ndâŋndaŋə,train
ndut,nuage
ndutu,violet
ndadndad,gris
ndo,se lever
ndoh,corne
ndod,brouillard
ndoŋə,awale
ndoŋncò,éloge
ngà,savane
ngɔ,monde
ngù,cadi
ngʉ,coeur
ngə',affliction
ngɔ̀,pays
ngʉ',autorité
ngə'ə,égoïste
ngû'u,grue
ngɔ̌ bὰmɛ̀n,patrie
ngə̀'ndα,jumeau
nguα̂nmɛ̀n,jeune
ngò'bàm,rat
ngα̌bnjʉ,semaine
ngα̂bnyὰm,biche
ngə̀dnì,parapluie
ngə̌dnì,parapluies
ngʉ̀dnì,affliction
ngə̀fələ,maïs
ngə̀laŋ,temps
ngα̂mbα,psychiatrie
ngα̂mbà',architecture
ngα̂mbə̀n,sociolgie
ngα̂mbə̀nwa,anthropologie
ngα̂mbwə,gynécologie
ngα̂mcu,sciences naturelle
ngα̂mcə',gynécologie
ngα̂mcɔ̀,histoire
ngα̂mced,hygiène
ngα̂mcug,sciences naturelles
ngα̂mca' fu',géographie économique
ngα̂mca' kob,géographie urbaine
ngα̂mca' lὰm,géographie industrielle
ngα̂mca' la',géographie rurale
ngα̂mca' nkαb,géographie économique
ngα̂mca' tʉsɔ,géographie urbaine
ngα̂mca'a,géographie
ngα̂mca'bə̀n,géographie humaine
ngα̂mca'cu,géographie physique
ngα̂mca'nὰ,géographie agricole
ngα̂mfu,science pharmaceutique
ngα̂mfà',droit social
ngα̂mghòn,médecine
ngα̂mkì,savoir
ngα̂mkʉlə,connaissance
ngα̂mkamə,études d'avocats
ngα̂mkwì,musique vocale
ngα̂mloŋə,musique instrumentale
ngα̂mmàd,psychologie
ngα̂mmàdngɔ̀,instruction civique
ngα̂mmbalə,géomorphologie
ngα̂mmfì',géométrie
ngα̂mmfàm,archéologie
ngα̂mnù,philosophie
ngα̂mnὰ,agronomie
ngα̂mnʉ̌nsi,philosophie de dieu
ngα̂mncà,sciences juridiques
ngα̂mncʉ̀',études de droits
ngα̂mncobə,linguistique
ngα̂mncobnsi,théologie
ngα̂mndə̀n,gynécologie
ngα̂mnjʉ,météorologie
ngα̂mnsi,mygale
ngα̂mnsa,astrologie
ngα̂mntʉ,phytologie
ngα̂mntʉnvə̀,géographie industrielle
ngα̂mntsə,hydrologie
ngα̌mntsə,caïman
ngα̂mŋwà'ni,scolastique
ngα̂msa'ngɔ̀,sciences politiques
ngα̂mtɔ̀ngɔ̀,sciences politiques
ngα̂mta,mathématiques
ngα̂mvə̀,technologie
ngα̂myòg,biologie
ngα̂mzənù,philosophie
ngʉ̀n,étranger
ngû'njʉ,année
ngʉ̀nmfə̀n,varicelle
ngα̂ntsə'tə̀,sociologie
ngʉ̀nyu,boa
ngâ'nyὰm,pangolin
ngʉ̌nyὰm,porc
ngâ'nzə̀,premier fils d'une famille
ngù'tʉ,année surpassée
ngɔ̂tà',escargot
ngɔ̌tɔ̀ngɔ̀,démocratie
ngʉ'tɔ̀ngɔ̀,tyranie
ngʉαyən,télévision
nguayen,téléviseur
ngùb,peau
ngebe,épaule
ngǔbmiαg,paupieres
ngὰbmo',semaine prochaine
ngubncu,lèvre
ngαbnjʉ diaŋtsi'i,semaine culturelle
ngâbntsə,canard
ngùbtu,cuir chevelu
ngὰbtʉ,semaine passée
ngubwud,peau
ngàcα̌bncù,arrogant
ngàcàgtə̀,directeur
ngàfà',ouvrier
ngàfid,arrogant
ngàfən,chanceux
ngàfa'tə̀,agité
ngàghòn,maladif
ngǒgmα̂ntə,perroquet
ngàju,possesseur
ngàjun,acheteur
ngàkà,guerisseur
ngǎkù,tendon d'achille
ngòkɛ̂dkwǐcù',cancer
ngòkɛ̂dmiα̂glo,maladie du sommeil
ngòkɛd,maladie
ngǎlə̀lə̀d,hirondelle
ngàlɛ̌nnsa,astrologue
ngǎləm,veine
ngùm,malchance
ngʉm,parabole
ngαmə,science
ngàmaŋ,adversaire
ngǔmmα̂tα,porc-épic
ngumo',année prochaine
ngòn,fille
ngαnə,fusil
ngǎncʉ' kum,status
ngǎncʉ' mɛ̀nnyǎŋtu,déclaration universel des droits de l'homme
ngǎncʉ' ngɔ̀,constitution
ngàncobtə̀,bavard
ngànkə̀mbαn,adversaire
ngànkəmbαn,ennemi
ngònmα,sœur utérine
ngòntα,sœur consanguine
ngǒntsə,poisson
ngʉnyὰmcwəd,sanglier
ngòŋ,bord
ngàŋwà'nì,élève
ngàsǒgnzwə,blanchisseur
ngâtɔ,ganglion
ngâtu,pintade
ngǎtǔnncʉ̀',fond des lois
ngàtsə̌'fì,fossoyeur
ngàtswìtə̀,enseignant
ngàvə̀,artiste
ngàvògtə̀,agité
ngàzi'tə̀,apprenant
ngàzwə̌zwə̀',bagarreur
nga,non
ngab,poule
ngamntαn,criquet
ngansα,cabaliste
ngantə,insoumis
nganwani,étudiant
ngo'o,termite
ngoked,maladie
ngon,fille
ngwʉ̀,sorte de plante à tubercule
ngwǎbà,goyave
ngwàd,bistouri
ngwàdmbwogə,flamme
ngwa,sel
ngwamǐndα,épouse
nju,temps
njù,pois de terre
njʉ,dehors
njʉ,monde
njʉ,temps
njʉ̀mbwə,mouton
njuὰnyὰm,cerf
njὰb,légume
njὰbià,fièvre jaune
njὰbcàca,légume sans compléments
njὰbkə̀nà,arachides fraîche avec les légumes
njὰbnə̀nu'tə̌,légumes cuit dans de l'huile
njâgcu,septembre
njàm,derrière
njὰm,hache
njàm ndǎmnjʉ,après-demain
njàmle'fitə̀,lundi
njàmnkù,mollet
njàmntα̂nnkə'ə,jeudi
njàmtu,nuque
njʉndα,successeur
njûnju,acheteur
njòŋ,quantité
njǒŋvogə,articulation
njamə,nuit
njo,dette
njwɛ̀n mɛ̀n,vieux
njwìdcu,mars
njwɛnə,tubercule séchée
nkà,rang
nkʉ,corde
nkà',lampe
nkò',table
nkɔ̀,rayon
nkʉα,raphia
nkə̀'kɛ̀d,boiteux
nkʉ̌'ndα,seuil de la porte
nkuǎ'nkuâ',concours
nkɔ̌ nyàm,rayon de soleil
nkɔ̌bαn,pilon
nkə̀b sofà',manche de houe
nkə̂bnjʉ,matin
nkʉ̌dngo'o,sorte d'ouvriers des termintes
nkə̀ke,bave sèche
nkə̀ku,canne à sucre
nkɔ̀kə̀bù',pilon
nkə̀lɔ̌vʉ,plantain du deuil
nkɔ̂miαg,gros yeux
nkə̀mbə̀',épaule
nkǒ'mbwə,étagère basse
nkʉ̌mbwogə,fil électrique
nkuαn,esclave
nkʉ̀n,message
nkà'nì,promesse
nkɔ̀nì,amour
nkù'nì,honneur
nkà'ncò,éloge
nkɔ̌ncò,balle de fusil
nkǒ'ndα,étagère
nkʉ̌ndα,généalogie
nkə̂njʉ,aurore
nkà'njumntə̀,rhumatisme
nkǒ'ntsə,pont
nkɔ̀ntsəlαg,nez
nkʉ̌nyàm,sans confiance
nkɔ̀tu,défi
nkə̀tu’u,soldat
nkib,ongle
nkαb,argent
nkαb ndα̂ŋwà'nì,frais de scolarité
nkibànyὰm,babouin
nkîbbu,ongle
nkîbkù,ongle
nkαbtɔ̀ngɔ̀,oligarchie
nkěcʉὰ,ceinture
nkʉd,devinette
nkêdbu,auriculaire
nkêdkù,auriculaire
nkêdntubu,auriculaire
nkǎfà',emploi du temps
nkàg,tam-tam
nkòg,hier
nkàgnὰ,février
nkὰgnì,sot
nkǎm ŋwà'nì,dossier
nkèmbè,varan
nkəmbαn,haine
nkǎmnkù,rhinocéros
nkùn,queue
nkὰn,nid
nkinə,lèpre
nkûn fogtab,haricot blanc
nkun nə̀katə,riz sauté
nkəndòŋə,calao
nkǎnja,défilé
nkunkə̀kʉα,dolique
nkǎnkǎwa’tsin,sorte de souris zébrée des champs
nkαnmαkè,singe
nkunnəno'o,petit haricot
nketu,militaire
nkəto'o,chaussure
nkamə,notable
nkaŋmiαg,sourcil
nkaŋnyὰm,cercopithèque
nkaŋtu,tempe
nkoŋ,coffres
nkwʉ̌bαn,tige à sève gluante
nkwebo,adjoint
nkwêbon,accoucheur
nkwêfoŋə,poste radio
nkwêmɛn,accoucheur
nkwìmbâ,célibataire
nkwàtə̀,pensée
nkwa,gong
nsi,dieu
nsɔ,dents
nsα,miracle
nshu cu,couleurs
nsâ'kə̀màd,variole
nshùm,fils
nsâ'mə̀kalə,varicelle
nshum mα,frère utérin
nsα̌mnə̀nὰ,fleur
nshùmtα,frère consanguin
nshun,ami
nsə'ngo'o,ouvriers des termites
nsə̂ntsə,hippopotame
nsə̂nyὰm,éléphant
nsògnzwə,blanchisseur
nsòkwa,annulaire
nsὰm,fleur
nsěmsaŋvə̀,aéroport
nsônὰ,mai
nsônα̌ndɔ,novembre
nsěnsě,lézard
nsὰntubu,majeur
nsôŋcɔ̀,bavard
nsòŋfoŋə,antenne
nsa,flanc
nsa'ngɔ̀,autorité
nsantoŋ,lapin
nsobnì,affliction
ntə,soumission
ntʉ,cœur
ntə’,vassal
ntu',gourde
ntʉ̂'njàm,cadet
ntə̀d,capital
ntǒ'kob,rossignol
ntɔ̂ndɔ,censeur
ntâ'nkù,vanité
ntα̂nndʉb,samedi
ntα̂nnkə'ə,mercredi
ntɔ̂tùn,anus
ntɑb,tente
ntûbu,doigt
ntàdncwɛn,grenier
ntαgə,conseil
ntûkù,orteil
ntàle'e,calendrier
ntòmbòd,abcés
ntàmfʉαg,congélateur
ntàmfitə̀,réfrigérateur
ntàmmbwə̀,cuisses
ntαmndoŋə,pomme de terre
ntûmnyàm,est
ntàmtə̀ cûncobə,groupe de mots
ntàmtə̀ ngɔ̌ngɔ̀,organisation des nations unies
ntàmtə̀ tswə̂ntʉ̀n ngɔ̌ngɔ̀,organisation mondiale de la santé
ntàmtə bon kamərun,union des populations du cameroun
ntàmtə ngɔ̌ kamerun,union nationale camerounaise
ntɛn,sud
ntαnə,marché
ntàncobə,dictionnaire
ntàndɛn,registre
ntôngə̀fələ,juillet
ntòngǒdməsaŋə,décembre
ntònkʉα,mamba vert
ntὰnntὰn,crampe
ntὰnnzə̀,piste
ntàntà,querelle
ntànywìn,congélateur
ntàŋmbwə,avril
ntàŋwà'nì,bibliothèque
nto,intestins
ntobnì,malheur
ntogə,six
ntoŋ,cou
ntsə,eau
ntsi,salive
ntsə̌mbàŋ,eau de pluie
ntsə̌mbwogə,essence
ntsə̌ntsə̌ fu,sirop
ntsə̌nyα,larme
ntsə̌ŋwà'nì,encre
ntsə’tə,réunion
ntsə'tə̀,association
ntsə̌wud,sperme
ntsìcwɛd,panier
ntsǐdmbàŋ,torrent
ntsəlαg,nez
ntsînyu,panaris
ntsìvʉ,cadeau de deuil
ntswə̀',plantoir
ntswə̀’,pioche
ntswə̀' tàŋbαhα,pioche
ntswə̂mə̀bwɔ,bonheur
nyu,serpent
nyα,abandonner
nyὰ,larme
nyâ'a,aubergine
nyì'tə̌,secouer
nyâdnyὰm,buffle
nyàm,soleil
nyὰm,animal
nyὰmdiaŋə,cheval
nyὰmna',boeuf
nyὰmntǒ’ntò’,papillons
nyûncwɛn,scolopendre
nyînnsɔ,prognathe
nyǎŋmiαg,cils
nyǎŋncù,barbe
nyǎŋtu,cheveux
nyad,buffle
nyamna',vache
nyamnsαtɔ,girafe
nyantu,cheveu
nyaŋ,poils
nywi,machette
nywin,tristesse
nywinə,suie
nywintə̀,espoir
nze,voix
nzì,envie
nzə',graine de courge
nzə̀,voix
nzə̂mbwogə,fumée
nzə̀ndα,porte
nzə̀nzə̀,mouche
nzə̀tɔ,gorge
nzəwud,vagin
nzwə,habits
nzwi,épouse
nzwì,panthère
nzwə̌'ndα,placard de la cuisine
nzwiαgə,virgule
nzwə̂kunə,drap
nzwə̂ncò,tenue militaire
nzwə̂ndα,armoire
nzwə̌ndα,armoire
nzwə̂ngû'u,drapeau
nzwə̂nkò',nappe
nzwə̂tɛ̌dndα,tapis
nzwìd,semence
nzwîghʉ̀n,dernière femme d'un polygame
nzwikà,fiancée
nzwîkamə,deuxième femme
nzwìmα̂ntɔ̀,panthère
nzwimɛn,belle-fille
nzwîmbwə,chèvre
nzwimni,punaise
nzwìn,fontanelle
nzwitα,femme du père
ŋ,oui
ŋ́,tiens
ŋ̂,oui
ŋ̌,pardon
ŋu'u,saleté
ŋû'ngǒŋkə̀tu'u,canari
ŋαbə,coller
ŋàm,dizaine
ŋ̀ŋ,peut-être
ŋàŋomə,hyène
ŋgwá,sel
ŋgwà,rangée
ŋŋ̀,non
ŋŋ̌,action de jurer
ŋwi,machette
ŋwʉ,mois
ŋwà',écrivain
ŋwâ'a,abeille
ŋwà'cɔ̀,historien
ŋwà'nì,lettre
ŋwà'nì bwə,acte de naissance
ŋwà'nì kwʉ,acte de décès
ŋwà'nì kwêntsə,attestation de baptême
ŋwà'nì laŋkʉlə,attestation d'une classe d'étude
ŋwà'nì nândα,acte de mariage
ŋwà'nì ncùb,titre d'impôt
ŋwà'nì nkʉ̌n ngὰb,hebdomadaire d'information
ŋwà'nì nkʉ̌n ŋwʉ,mensuel d'information
ŋwà'nì nkʉ̌nle'e,quotidien d'information
ŋwà'nì sə̂və̀,carte d'identité
ŋwà'nì swɛ̀n,acte de vente
ŋwà'nkʉ̀n,nouvelliste
ŋwǎ'ŋwa',multicolore
ŋwâgnkun,juin
ŋwâgnyàm,après-midi
ŋwàlə,ramasser
ŋwinŋwin,bleu
ŋwʉtʉ,sorte de formi
ŋwαyid,lion
ŋwa,cloche
ŋwatə̀,vaillance
o,tu
o zi ὰ?,bonjour
sá,mil
sǎ,verser
se,éplucher
sə,face
si,dieu
sɔ,dent
sû,ton
sə́,sa
sə̂,son
sə̄,que
sɔ̌,répudier une femme
se'e,venir
shù',cobra
sɔ̌ bàm,avorter
sɔ̌ vʉ,donner à manger au deuil
sə̂bə̀,notre
sə̀dghə',oreillons
shudnyὰmndα,lapin
shudnyam,lièvre
sα̂g,notre
sα̌lαg,taie
sα̂m,mon
sà'mbû'u,épervier
sə̀mbʉ̀n,manioc
sα̌mju,rien
sə̂n,ce
sɛ̂n,aujourd'hui
shunə,amitié
sɔ̀nə̀ya,maux de dents
sǒ ndɛn,enregistrer
shʉnmbαb,rat palmiste
siáŋ,lire
siâŋngɔ̂nὰ,alouette
sǎ vʉ,faire les funérailles
siag,bol
siaŋə,lire
sûb,leur
sὰbə,igname qui tend à être dur
sὰbὰsαbα,corossol
sòbntʉ,maladie qui pique le coeur
sèbtə̌,abréger
sîd,quel
sàdtu,peigne
sòg,savon
sògə,laver
sǒg sə,se laver
sǒg wud,se laver
sâgbàm,colique
sògnka,savon
sògnzwə,savon
sògwud,savon de toilette
sìk,éplucher
selə,minauder
sîlə,lequel
sαm,fleurir
sὰmə,fleurir
sǎm wud,s'étirer
sǎmbwogə,étincelle
sὰmmbάhα,sept
sîn,votre
sαnə,saison des pluies
səndîn,celui-là
sənnî,celui-ci
sənnα,celui-là
sɛnnî,aujourd'hui
sàŋ,dos du cou
sètə̌,diviser
sàtə̌ tu,déranger
sâtâmnkù,match de football
sâtam,match
sάgə́,notre
sάm,mon
sa,verser
sa' vʉ,donner des informations sur un deuil
salə,blennorragie
saŋə,oiseau
saŋngab,perdrix
saŋtə̀,fiévre
saŋtə̀bod,fièvre typhoïde
saŋtə̀wud,fièvre
saŋvə̀,avion
satə̀,gaieté
sínə́,votre
sofà',houe
sofa,houe
sogə,piment
soŋ vʉ,annoncer le deuil
sú,ton
súbə́,leur
swɛ̂dcaŋ,couvercle du canari
swɛ̀lə,accoucher du cadet d'un enfant
swɛ̀nə,vendre
swə̂nyu,vipère
swɛdtə̂nzə',sauce avec le pistache
swa,balai
swa nzə̀nzə̀,chasse-mouche
swadiaŋə,queue de cheval
swandɑ,balai
swandα,balai
swankùn,queue
swatə ntsə̌ vʉ,se soutenir pendand le deuil
tà,force
tə,poser
tɔ,cou
tu,tête
tʉ,arbre
tα,père
tα,monsieur
tɔ̀,vote
tɔ̌,commander
tɔ̌ bə̀nntʉ̀n,commander
tô' jûjʉ,salle à manger
tα̂ kà,docteur en médecine
tα̂ nândα,parrain
tα̂ ndα,président
tɔ̌ nkαb,gérer l'argent
tα̂ nkαb,grand-père
tə bu,alerter
tɔ̌bu,paume
tə bu tu,se méfier
tə bàkʉlə,corriger
tɛ̀d,milieu
tə diaŋ,être présent
tɛ̌dndα,sol
tɛ̀dtswə',nuit
tα̂fə,homme albinos
tα̂fà',chef de service
tô'fə̌'mbwogə,cuisine intérieure
tô'ghʉ̀n,chambre des invités
tô'jʉ,salle à manger
tû ju,en-tête
tα̂jàm,grand-père
tə ku,freiner une affaire
tɔ̌ku,paume
tɔ̌kù,face plantaire
tô'kə̀lɔ̀,rainette
tu'lə,embryon
tə lαg,convoiter
tô'mò',salon
tə miαg,vérifier
tû mba,régime de noix de palme
tɔ̌mbwogə,foyer
tô'mfʉαg,chambre à air
tə mfʉnə,être présent
tu'mvɛ̀n,bossu
tʉ́n,fer
tα̂n,cinq
tû nù,sujet d'une affaire
tʉ̀nə,guérir
tə̌ncə̀b,repas d'union
tà’ncoŋə,limace
tô'ndα,chambre
tα̂ndu,beau père
tα̂ndα,président d'une association
tα̂nkʉ̀d,proverbe
tα̌nnkʉα,ver de palmier
tə nsi,poser à terre
tû nsi,malchance
tα̂ntənə,ver de palmier à huile
tə̂ntsə,calebasse
tu'ntsə,embryon
tʉ̂nwud,constitution du corps
tα̂nyì,père des jumaux
tα̂nyǐ bʉ̀dncὰb,père de trois jumeaux ou plus
tô'nywin,chambre froide
tə tu,s'appliquer
tɔ̀tə̀,discrimination
tə tùn,s'enraciner
tə vʉ,commencer à pleurer
tô'zi,chambre à coucher
tα zə̀ ndʉb,grand-père
tûbà',toit
tǎb ndα,être célibataire
tɑb ntsə,goutte d'eau
tαb ntsə,goutte d'eau
tὰbtə̀,mélange
tùbtùb,moulin
tαdu,frère du mari
tûdʉn,dangereux
tǒdlαg,borgne
tûfà',métier
tàgə,s'absenter
tǎg mɛ̀nnzwi,détourner une fiancée
tâgbǒ'lɛnə,gâteau de maïs avec courge
tâgkə̀nà,gâteau de maïs avec les arrachides
tâgmfǔku'u,gâteau de maïs et de feuilles de makabo
tâgnə̀tònə,gâteau de maïs cuit sous la cendre
tâgnkun,gâteau de maïs avec le haricot
tʉkò',echelle
tûkə̀kwi',genou
tûkə̀kwi’,genou
tum,envoyer
tαmə,pomme de terre
tûm ghâtswə',sortir de bonne heure
tum nândα,divorcer
tûm tswə',sortir de bonne heure
tâmcɛd,tennis
tûmlam,exception
tαmmə̀kalə,pomme de terre
tâmmbu,handball
tàmmbwə̀,cuisse
tαmnə̀tswə'ə,pomme pilée
tûmngɔ̀,village
tâmnkù,football
tâmnkʉ,volley
tâmntsì,basketball
tâmsà’,sorte d’épervier
tαmtʉ,fruit
tàmtə̂kə̀lɔ̀,banane cuite
tùn,début
tənə,palmier
tònə,mettre au feu
tʉnə,clou
tǔnbu,coude
tʉnbà,cuivre
tàncù,dispute
tɔndɑ,fenêtre
tɔndα,fenêtre
tûndα,lieu en altitude
tǔnfə̀n,dynastie royale
tôngə',joue creuse
tûngɔ̀,nord du pays
tὰngαmngαmə,araignée
tênkʉ,frère des jumeaux
tǔnkù,talon
tûnkʉ̌'ndα,partie du cadre de la porte
tǔnkə̀lɔ̀,bananier
tǔnncù,menton
tǔnncʉ̀',constitution
tǔnncʉ̀' mɛ̀nnyǎŋtu,déclaration universelle des droits de l'homme
tǔnncʉ' kum,status
tǔnndα,famille
tǔnnjʉ,horizon
tʉnnkαb,argent
tʉnntswə'ə,complément d'effectif
tənsaŋə,caille
tɛntə,pousser
tʉntə,compter
tòntə̌,brûler
tʉntə̀,nombres
tɔntsə,puits
tαntsə,grenouille
tʉnyàg,plomb
tαnyǎshʉ',haricot noir
tαnyǎshʉ’,haricot noir
tàŋ,partie
tòŋ,oreille
tǎŋfà',district
tǎŋkob,ville
tǎŋla',quartier
tòŋnə̀ya,otite
tǎŋngɔ̀,arrondissement
tôŋnzə̀,route
tàŋtʉsɔ,quartier
tàŋwa',sequelle de la variole
tûswə,honte
tǎtu,entêtement
tǔtǔ,pie
tǎtɔ̀ngɔ̀,tyranie
ta,père
ta',panier
ta' mɛ̀nnzwi,répudier une femme
ta nà,trahir
tad,trois
tadtə,mentir
tadtə̀,mensonge
tagə,gâteau de maïs
tamə,jouer
tam kə̀shʉ,sangloter
tam tu,fruit
tamka,cuvette
tamngə̂dtʉ,payé cousu
tata,calcul
tayαb,addition
to',boîte
togə,mourir
tomə,tambour
tsə,disette
tsə́,siens
tsə̂,ses
tsə̄,que
tsə̂bə̀,nôtres
tsə ndα,être célibataire
tsiàŋtə̀,joie
tsîd,quels
tsìdnsa,sorte de souris zébrée des champs
tsilə,casser
tsîlə,lesquels
tsin,point
tsîn,vos
tsin mbɛdtə,point d'interrogation
tsin mbâgtə,deux points
tsin mfaŋə,points de suspension
tsin ncαmə,point d'exclamation
tsin ndô nùm nka,point à la ligne
tsin njâ',station de l'enfant qui apprend à se tenir debout
tsin nkαgə,points de suspension
tsin nsôŋə,point tiret
tsin ntʉntə,deux points
tsin nzwiαgə,point virgule
tsin yòŋncʉ̀',point final
tsətə̀,asthme
tsətαn,ver intestinal en général
tsətὰn,grillon
tsínə́,vôtres
tswə'ə,piler
tswə' cûncobə,groupe de mots
tswə̂'kə̀lɔ̀,banane pilée
tswə fogə,rite sur le veuvage
tswə'kum,comité
tswǐ lɛ̌n,donner un nom
tswidtə,ramasser
ú,ton
vʉ,mort
vʉ̌ vʉ,être dans le coma
vɛ̀dtə̀,tremblote
vɛ̀dtə̌,grelotter
vɛ̂nnyὰm,zèbre
vɔg,être court
vògtə̀,agitation
vɔk,os
vênnyam,zèbre
vogə,os
wə,qui
wǎ ŋwà'nì,librairie
wud,corps
wǎf,pharmacie
wo,tu
yi,il
yu,pour toi
yù,tien
yû,ton
yα̂g,notre
yα̂m,mon
yə̂n,ce
yɛ̀nə,abandonner
yùb,leur
yûb,leur
yūb,leur
yαbə,mettre
yαb bu,toucher
yαb le'e,fixer le jour
yαb lɛn,donner un nom
yαb nù,faire attention
yαb nùm ca'a,attérir
yαb nùm ntsə,amerrir
yαb ngə',faire souffrir
yαb vʉ,projeter le jour du deuil
yᾱg,nôtre
yògwud,filariose
yὰm,mien
yen,voir
yənə,voir
yəndîn,celui-là
yânkaŋmiαg,blépharite
yənnî,celui-ci
yənnα,celui-là
yənnkî,copier
yântʉ,fâcherie
yəntə̀,aliénation
yəntə̀sə,miroir
yəntəfə̀,papier transparent
yàŋbαn,mortier
yâtu,maux de têtes
yάg,nôtre
yάgə́,notre
yάm,mien
ya' nka',exagérer
ya'a,sauter
yagə,bâiller
yaŋə,rouler
yaŋbà',voiture
yaŋbǎ' ghòn,ambulance
yaŋbǎ'mfə,corbillard
yaŋkàg,brouette
yaŋka,brouette
yaŋtə,rouler plusieur fois
yú,tien
yúbə́,leur
ywi',piège
ywi'i,vomir
ywɛ̀d,asticot
ywìmtə̀,assistance
ɲàm,derrière
zə,route
zi,dormir
zǐ,commencer
zə́,sien
zə̀,son
zə̂,son
zə̄,sien
zi'i,apprendre
zə̌ vʉ,finir les funérailles
zə̀bə̀,nôtre
zə̂bə̀,nôtre
ziαgə,totem
zə̂nù,sagesse
zə̀ntsə,jeûne
zǐcə̌'nkù,caleçon
zîd,quel
zǐkum,sous-vêtement
zǐkob,élastique
zîlə,lequel
zimə,tourbillon
zim mù,finir la veillée
zìn,colle
zîn,votre
zīn,vôtre
zǐnkəto'o,chaussette
zǐnzwə,jupon
zətə̀,malice
zǐzǐ,oiseau gendarme
zínə́,vôtre
zú,manger
zwə,angoisse
zwi,tuer
zwǐ,rire
zwə',rein
zwə̌,être amer
zwə̀',bagarre
zwiὰg,respiration
zwə'nə̀ya,maux de reins
zwə̂ntʉ,colère
zwə’nzwə’ə,sorte de moucheron
zwi'tə,écouter
zwi'tə ncù,agoniser
zwiaŋtə̀,démence
bǐn zi à ?,bonjour à vous
